Workbook

Sheet mapping
A1: **DEPARTMENT_ID** | B1: **Department Name**
A2: 10 | B2: Administration
A3: 20 | B3: Marketing
A4: 30 | B4: Purchasing
A5: 40 | B5: Human Resources
A6: 50 | B6: Shipping
A7: 60 | B7: IT
A8: 70 | B8: Public Relations
A9: 90 | B9: Executive
A10: 100 | B10: Finance
A11: 110 | B11: Accounting

Sheet employees
A1: EMPLOYEE_ID | B1: FIRST_NAME | C1: LAST_NAME | D1: EMAIL | E1: PHONE_NUMBER | F1: HIRE_DATE | G1: JOB_ID | H1: SALARY | I1: COMMISSION_PCT | J1: MANAGER_ID | K1: DEPARTMENT_ID | L1: dept name
A2: 198 | B2: Donald | C2: OConnell | D2: DOCONNEL | E2: 650.507.9833 | F2: 21-JUN-07 | G2: SH_CLERK | H2: 2600 | I2: - | J2: 124 | K2: 50 | L2: =VLOOKUP(K2, mapping!A:B, 2, FALSE) -> Shipping
A3: 199 | B3: Douglas | C3: Grant | D3: DGRANT | E3: 650.507.9844 | F3: 13-JAN-08 | G3: SH_CLERK | H3: 2600 | I3: - | J3: 124 | K3: 50 | L3: =VLOOKUP(K3, mapping!A:B, 2, FALSE) -> Shipping
A4: 200 | B4: Jennifer | C4: Whalen | D4: JWHALEN | E4: 515.123.4444 | F4: 17-SEP-03 | G4: AD_ASST | H4: 4400 | I4: - | J4: 101 | K4: 10 | L4: =VLOOKUP(K4, mapping!A:B, 2, FALSE) -> Administration
A5: 201 | B5: Michael | C5: Hartstein | D5: MHARTSTE | E5: 515.123.5555 | F5: 17-FEB-04 | G5: MK_MAN | H5: 13000 | I5: - | J5: 100 | K5: 20 | L5: =VLOOKUP(K5, mapping!A:B, 2, FALSE) -> Marketing
A6: 202 | B6: Pat | C6: Fay | D6: PFAY | E6: 603.123.6666 | F6: 17-AUG-05 | G6: MK_REP | H6: 6000 | I6: - | J6: 201 | K6: 20 | L6: =VLOOKUP(K6, mapping!A:B, 2, FALSE) -> Marketing
A7: 203 | B7: Susan | C7: Mavris | D7: SMAVRIS | E7: 515.123.7777 | F7: 07-JUN-02 | G7: HR_REP | H7: 6500 | I7: - | J7: 101 | K7: 40 | L7: =VLOOKUP(K7, mapping!A:B, 2, FALSE) -> Human Resources
A8: 204 | B8: Hermann | C8: Baer | D8: HBAER | E8: 515.123.8888 | F8: 07-JUN-02 | G8: PR_REP | H8: 10000 | I8: - | J8: 101 | K8: 70 | L8: =VLOOKUP(K8, mapping!A:B, 2, FALSE) -> Public Relations
A9: 205 | B9: Shelley | C9: Higgins | D9: SHIGGINS | E9: 515.123.8080 | F9: 07-JUN-02 | G9: AC_MGR | H9: 12008 | I9: - | J9: 101 | K9: 110 | L9: =VLOOKUP(K9, mapping!A:B, 2, FALSE) -> Accounting
A10: 206 | B10: William | C10: Gietz | D10: WGIETZ | E10: 515.123.8181 | F10: 07-JUN-02 | G10: AC_ACCOUNT | H10: 8300 | I10: - | J10: 205 | K10: 110 | L10: =VLOOKUP(K10, mapping!A:B, 2, FALSE) -> Accounting
A11: 100 | B11: Steven | C11: King | D11: SKING | E11: 515.123.4567 | F11: 17-JUN-03 | G11: AD_PRES | H11: 24000 | I11: - | J11: - | K11: 90 | L11: =VLOOKUP(K11, mapping!A:B, 2, FALSE) -> Executive
A12: 101 | B12: Neena | C12: Kochhar | D12: NKOCHHAR | E12: 515.123.4568 | F12: 21-SEP-05 | G12: AD_VP | H12: 17000 | I12: - | J12: 100 | K12: 90 | L12: =VLOOKUP(K12, mapping!A:B, 2, FALSE) -> Executive
A13: 102 | B13: Lex | C13: De Haan | D13: LDEHAAN | E13: 515.123.4569 | F13: 13-JAN-01 | G13: AD_VP | H13: 17000 | I13: - | J13: 100 | K13: 90 | L13: =VLOOKUP(K13, mapping!A:B, 2, FALSE) -> Executive
A14: 103 | B14: Alexander | C14: Hunold | D14: AHUNOLD | E14: 590.423.4567 | F14: 03-JAN-06 | G14: IT_PROG | H14: 9000 | I14: - | J14: 102 | K14: 60 | L14: =VLOOKUP(K14, mapping!A:B, 2, FALSE) -> IT
A15: 104 | B15: Bruce | C15: Ernst | D15: BERNST | E15: 590.423.4568 | F15: 21-MAY-07 | G15: IT_PROG | H15: 6000 | I15: - | J15: 103 | K15: 60 | L15: =VLOOKUP(K15, mapping!A:B, 2, FALSE) -> IT
A16: 105 | B16: David | C16: Austin | D16: DAUSTIN | E16: 590.423.4569 | F16: 25-JUN-05 | G16: IT_PROG | H16: 4800 | I16: - | J16: 103 | K16: 60 | L16: =VLOOKUP(K16, mapping!A:B, 2, FALSE) -> IT
A17: 106 | B17: Valli | C17: Pataballa | D17: VPATABAL | E17: 590.423.4560 | F17: 05-FEB-06 | G17: IT_PROG | H17: 4800 | I17: - | J17: 103 | K17: 60 | L17: =VLOOKUP(K17, mapping!A:B, 2, FALSE) -> IT
A18: 107 | B18: Diana | C18: Lorentz | D18: DLORENTZ | E18: 590.423.5567 | F18: 07-FEB-07 | G18: IT_PROG | H18: 4200 | I18: - | J18: 103 | K18: 60 | L18: =VLOOKUP(K18, mapping!A:B, 2, FALSE) -> IT
A19: 108 | B19: Nancy | C19: Greenberg | D19: NGREENBE | E19: 515.124.4569 | F19: 17-AUG-02 | G19: FI_MGR | H19: 12008 | I19: - | J19: 101 | K19: 100 | L19: =VLOOKUP(K19, mapping!A:B, 2, FALSE) -> Finance
A20: 109 | B20: Daniel | C20: Faviet | D20: DFAVIET | E20: 515.124.4169 | F20: 16-AUG-02 | G20: FI_ACCOUNT | H20: 9000 | I20: - | J20: 108 | K20: 100 | L20: =VLOOKUP(K20, mapping!A:B, 2, FALSE) -> Finance
A21: 110 | B21: John | C21: Chen | D21: JCHEN | E21: 515.124.4269 | F21: 28-SEP-05 | G21: FI_ACCOUNT | H21: 8200 | I21: - | J21: 108 | K21: 100 | L21: =VLOOKUP(K21, mapping!A:B, 2, FALSE) -> Finance
A22: 111 | B22: Ismael | C22: Sciarra | D22: ISCIARRA | E22: 515.124.4369 | F22: 30-SEP-05 | G22: FI_ACCOUNT | H22: 7700 | I22: - | J22: 108 | K22: 100 | L22: =VLOOKUP(K22, mapping!A:B, 2, FALSE) -> Finance
A23: 112 | B23: Jose Manuel | C23: Urman | D23: JMURMAN | E23: 515.124.4469 | F23: 07-MAR-06 | G23: FI_ACCOUNT | H23: 7800 | I23: - | J23: 108 | K23: 100 | L23: =VLOOKUP(K23, mapping!A:B, 2, FALSE) -> Finance
... A51: 140 | B51: Joshua | C51: Patel | D51: JPATEL | E51: 650.121.1834 | F51: 06-APR-06 | G51: ST_CLERK | H51: 2500 | I51: - | J51: 123 | K51: 50 | L51: =VLOOKUP(K51, mapping!A:B, 2, FALSE) -> Shipping
